Tipo de Operação,Preço de Compra,Saldo,Ativo em Carteira,Lucro,Valor Previsto,Valor Real,Diferença
Compra (0),215.5,0.0,4.640371229698376,,,,
Venda por percentual de diferença (1),,1000.4640371229698,,0.46403712296978483,215.96384577579073,215.6,0.36384577579073607
Compra (2),215.7,0.0,4.63821992175693,,,,
Venda por percentual de diferença (3),,1000.9278591151455,,0.927859115145452,215.96384577579073,215.8,0.16384577579071902
Compra (4),215.7,0.0,4.640370232337253,,,,
(no final do período 0),,0.0,,x,216.0404385632203,215.7,0.3404385632203173
(no final do período 1),,0.0,,x,216.0404385632203,215.7,0.3404385632203173
(no final do período 2),,0.0,,x,216.0404385632203,215.7,0.3404385632203173
(no final do período 3),,0.0,,x,216.0404385632203,215.5,0.5404385632203059
(no final do período 4),,0.0,,x,216.0404385632203,215.7,0.3404385632203173
(no final do período 0),,0.0,,x,215.99417656590845,215.7,0.2941765659084581
(no final do período 1),,0.0,,x,215.99417656590845,215.1,0.8941765659084524
(no final do período 2),,0.0,,x,215.99417656590845,215.2,0.7941765659084581
(no final do período 3),,0.0,,x,215.99417656590845,215.4,0.594176565908441
(no final do período 4),,0.0,,x,215.99417656590845,215.5,0.4941765659084467
Venda por prejuizo (0),,997.6795999525094,,-2.3204000474905797,215.58301791520452,215.0,0.5830179152045218
Compra (1),215.1,0.0,4.638212924000509,,,,
(no final do período 2),,0.0,,x,215.58301791520452,214.8,0.7830179152045105
(no final do período 3),,0.0,,x,215.58301791520452,214.8,0.7830179152045105
(no final do período 4),,0.0,,x,215.58301791520452,214.7,0.8830179152045332
(no final do período 0),,0.0,,x,214.9117769659579,214.6,0.31177696595790394
(no final do período 1),,0.0,,x,214.9117769659579,214.5,0.41177696595789826
(no final do período 2),,0.0,,x,214.9117769659579,214.6,0.31177696595790394
(no final do período 3),,0.0,,x,214.9117769659579,214.8,0.11177696595788689
(no final do período 4),,0.0,,x,214.9117769659579,214.9,0.011776965957892571
(no final do período 0),,0.0,,x,215.1178945149856,214.7,0.417894514985619
(no final do período 1),,0.0,,x,215.1178945149856,215.0,0.11789451498560766
(no final do período 2),,0.0,,x,215.1178945149856,215.0,0.11789451498560766
(no final do período 3),,0.0,,x,215.1178945149856,214.8,0.3178945149855963
(no final do período 4),,0.0,,x,215.1178945149856,215.0,0.11789451498560766
(no final do período 0),,0.0,,x,215.48498508958244,215.1,0.38498508958244315
(no final do período 1),,0.0,,x,215.48498508958244,214.7,0.7849850895824488
(no final do período 2),,0.0,,x,215.48498508958244,215.0,0.48498508958243747
(no final do período 3),,0.0,,x,215.48498508958244,214.8,0.6849850895824261
(no final do período 4),,0.0,,x,215.48498508958244,215.0,0.48498508958243747
(no final do período 0),,0.0,,x,215.47135320238226,215.1,0.37135320238226655
Venda por percentual de diferença (1),,998.6072425373097,,-1.3927574626902697,215.47135320238226,215.3,0.1713532023822495
Compra (2),215.0,0.0,4.644684849010743,,,,
Venda por percentual de diferença (3),,999.5361795071119,,-0.4638204928880896,215.47135320238226,215.2,0.27135320238227223
Compra (4),215.1,0.0,4.64684416321298,,,,
Venda por percentual de diferença (0),,1000.0008639234331,,0.0008639234331440093,215.52916604594202,215.2,0.32916604594203136
Compra (1),214.9,0.0,4.65333114901551,,,,
(no final do período 2),,0.0,,x,215.52916604594202,214.9,0.6291660459420143
(no final do período 3),,0.0,,x,215.52916604594202,214.8,0.7291660459420086
(no final do período 4),,0.0,,x,215.52916604594202,214.9,0.6291660459420143
Venda por percentual de diferença (0),,1000.4661970383346,,0.4661970383345988,215.26606542012337,215.0,0.2660654201233683
Compra (1),215.0,0.0,4.65333114901551,,,,
(no final do período 2),,0.0,,x,215.26606542012337,214.9,0.36606542012336263
Venda por percentual de diferença (3),,1000.9315301532362,,0.9315301532361673,215.26606542012337,215.1,0.166065420123374
Compra (4),215.1,0.0,4.65333114901551,,,,
(no final do período 0),,0.0,,x,215.38673132955918,215.0,0.38673132955918277
(no final do período 1),,0.0,,x,215.38673132955918,215.0,0.38673132955918277
(no final do período 2),,0.0,,x,215.38673132955918,214.9,0.4867313295591771
(no final do período 3),,0.0,,x,215.38673132955918,214.6,0.7867313295591885
(no final do período 4),,0.0,,x,215.38673132955918,215.0,0.38673132955918277
(no final do período 0),,0.0,,x,215.34626508007656,215.0,0.346265080076563
(no final do período 1),,0.0,,x,215.34626508007656,215.0,0.346265080076563
Venda por percentual de diferença (2),,1001.3968632681376,,1.396863268137622,215.34626508007656,215.2,0.14626508007657435
Compra (3),215.6,0.0,4.644697881577633,,,,
(no final do período 4),,0.0,,x,215.34626508007656,215.6,-0.25373491992343133
(no final do período 0),,0.0,,x,215.96634613927776,215.6,0.36634613927776627
Venda (1),,1004.1836819970842,,4.18368199708425,215.96634613927776,216.2,-0.23365386072222805
Compra (2),215.9,0.0,4.651151838800761,,,,
(no final do período 3),,0.0,,x,215.96634613927776,215.7,0.26634613927777195
Venda (4),,1005.1139123648444,,5.113912364844396,215.96634613927776,216.1,-0.13365386072223373
Compra (0),215.9,0.0,4.655460455603726,,,,
Venda por percentual de diferença (1),,1006.0450044559651,,6.045004455965113,216.32028402633972,216.1,0.22028402633972632
Compra (2),216.3,0.0,4.651155822727532,,,,
(no final do período 3),,0.0,,x,216.32028402633972,216.1,0.22028402633972632
(no final do período 4),,0.0,,x,216.32028402633972,215.7,0.620284026339732
(no final do período 0),,0.0,,x,216.18937152751715,215.8,0.38937152751714166
(no final do período 1),,0.0,,x,216.18937152751715,215.9,0.28937152751714734
(no final do período 2),,0.0,,x,216.18937152751715,215.9,0.28937152751714734
(no final do período 3),,0.0,,x,216.18937152751715,215.7,0.4893715275171644
Venda por prejuizo (4),,1001.8589642155104,,1.8589642155103547,216.18937152751715,215.4,0.7893715275171473
Compra (0),215.4,0.0,4.651155822727532,,,,
(no final do período 1),,0.0,,x,215.7808984280414,215.4,0.38089842804140517
Venda por percentual de diferença (2),,1002.7891953800557,,2.7891953800557303,215.7808984280414,215.6,0.18089842804141654
Compra (3),215.9,0.0,4.644692891987289,,,,
Venda por prejuizo (4),,999.0734410664659,,-0.9265589335341247,215.7808984280414,215.1,0.6808984280414165
Compra (0),215.2,0.0,4.642534577446403,,,,
Venda por percentual de diferença (1),,1000.4662014396998,,0.4662014396998302,215.58312615074564,215.5,0.08312615074564178
Compra (2),215.6,0.0,4.640381268273191,,,,
(no final do período 3),,0.0,,x,215.58312615074564,215.6,-0.016873849254352535
Venda (4),,1000.9302395665272,,0.9302395665272343,215.58312615074564,215.7,-0.11687384925434685
Compra (0),215.8,0.0,4.638230952578903,,,,
(no final do período 1),,0.0,,x,216.10050898566655,215.6,0.5005089856665563
(no final do período 2),,0.0,,x,216.10050898566655,215.5,0.6005089856665506
Venda por prejuizo (3),,997.683477899722,,-2.316522100278007,216.10050898566655,215.1,1.0005089856665563
Compra (4),215.2,0.0,4.636075640797965,,,,
(no final do período 0),,0.0,,x,215.41132981341113,214.7,0.7113298134111403
Venda por prejuizo (1),,990.2657568744453,,-9.734243125554713,215.41132981341113,213.6,1.8113298134111346
Compra (2),213.4,0.0,4.64042060391024,,,,
Venda por percentual de diferença (3),,991.6578830556182,,-8.342116944381814,215.41132981341113,213.7,1.7113298134111403
Compra (4),213.8,0.0,4.638250154610001,,,,
(no final do período 0),,0.0,,x,214.19336058724593,213.8,0.3933605872459225
Venda por percentual de diferença (1),,992.1217080710792,,-7.878291928920817,214.19336058724593,213.9,0.2933605872459282
Compra (2),213.7,0.0,4.642591053210478,,,,
Venda por percentual de diferença (3),,993.0502262817213,,-6.9497737182787205,214.19336058724593,213.9,0.2933605872459282
Compra (4),214.2,0.0,4.636088824844637,,,,
(no final do período 0),,0.0,,x,214.4236954496395,214.1,0.3236954496395015
(no final do período 1),,0.0,,x,214.4236954496395,214.2,0.22369544963950716
(no final do período 2),,0.0,,x,214.4236954496395,214.0,0.4236954496394958
(no final do período 3),,0.0,,x,214.4236954496395,213.9,0.5236954496394901
(no final do período 4),,0.0,,x,214.4236954496395,213.9,0.5236954496394901
(no final do período 0),,0.0,,x,214.19508188803965,213.7,0.4950818880396639
(no final do período 1),,0.0,,x,214.19508188803965,214.0,0.19508188803965254
(no final do período 2),,0.0,,x,214.19508188803965,214.2,-0.004918111960336091
Venda (3),,993.9774440466902,,-6.022555953309848,214.19508188803965,214.4,-0.20491811196035314
Compra (4),214.5,0.0,4.633927478073147,,,,
Venda por percentual de diferença (0),,1011.5863684633681,,11.586368463368103,220.24845124247588,218.3,1.948451242475869
Compra (1),219.0,0.0,4.6191158377322745,,,,
(no final do período 2),,0.0,,x,220.24845124247588,219.0,1.2484512424758805
(no final do período 3),,0.0,,x,220.24845124247588,218.4,1.8484512424758748
Venda por prejuizo (4),,1005.5815178743161,,5.581517874316091,220.24845124247588,217.7,2.548451242475892
Compra (0),218.0,0.0,4.612759256304202,,,,
Venda por percentual de diferença (1),,1006.5040697255769,,6.504069725576869,218.4426957076039,218.2,0.24269570760390025
Compra (2),217.7,0.0,4.623353558684322,,,,
(no final do período 3),,0.0,,x,218.4426957076039,217.6,0.8426957076038946
(no final do período 4),,0.0,,x,218.4426957076039,217.6,0.8426957076038946
(no final do período 0),,0.0,,x,217.9270253454028,217.4,0.5270253454027909
(no final do período 1),,0.0,,x,217.9270253454028,217.3,0.6270253454027852
(no final do período 2),,0.0,,x,217.9270253454028,217.7,0.22702534540280794
Venda (3),,1007.8910757931822,,7.891075793182154,217.9270253454028,218.0,-0.07297465459720343
Compra (4),219.6,0.0,4.589667922555474,,,,
Venda por prejuizo (0),,1004.2193414551379,,4.219341455137851,219.81329076414056,218.8,1.0132907641405495
Compra (1),218.9,0.0,4.587571226382539,,,,
(no final do período 2),,0.0,,x,219.81329076414056,218.9,0.9132907641405552
(no final do período 3),,0.0,,x,219.81329076414056,218.7,1.1132907641405723
(no final do período 4),,0.0,,x,219.81329076414056,218.5,1.313290764140561
Venda por percentual de diferença (0),,1006.0543699456908,,6.054369945690837,219.79677298976378,219.3,0.4967729897637696
Compra (1),219.6,0.0,4.581304052576006,,,,
(no final do período 2),,0.0,,x,219.79677298976378,219.2,0.5967729897637923
Venda por prejuizo (3),,1001.9311962983725,,1.9311962983724698,219.79677298976378,218.7,1.0967729897637923
Compra (4),218.6,0.0,4.583399800084046,,,,
Venda por percentual de diferença (0),,1002.8478762583893,,2.847876258389306,219.16910316263693,218.8,0.3691031626369181
Compra (1),219.0,0.0,4.57921404684196,,,,
(no final do período 2),,0.0,,x,219.16910316263693,218.9,0.2691031626369238
(no final do período 3),,0.0,,x,219.16910316263693,218.9,0.2691031626369238
Venda por prejuizo (4),,999.1845050209156,,-0.8154949790844057,219.16910316263693,218.2,0.9691031626369409
Compra (0),218.3,0.0,4.577116376641849,,,,
Venda por percentual de diferença (1),,1000.557639933908,,0.5576399339080353,218.6376280703656,218.6,0.03762807036559934
Compra (2),219.1,0.0,4.566671108780959,,,,
Venda (3),,1001.4709741556643,,1.470974155664294,218.6376280703656,219.3,-0.6623719296344177
Compra (4),219.1,0.0,4.570839681221654,,,,
(no final do período 0),,0.0,,x,219.43839228667758,218.9,0.5383922866775777
Venda por percentual de diferença (1),,1002.8422260600308,,2.842226060030839,219.43839228667758,219.4,0.03839228667757766
Compra (2),219.7,0.0,4.5645982069186655,,,,
Venda (3),,1003.7551457014146,,3.7551457014145626,219.43839228667758,219.9,-0.46160771332242234
Compra (4),220.9,0.0,4.543934566326005,,,,
(no final do período 0),,0.0,,x,221.33449404871934,220.9,0.43449404871932984
Venda por prejuizo (1),,1000.5743915049862,,0.574391504986238,221.33449404871934,220.2,1.134494048719347
Compra (2),219.8,0.0,4.552203783007217,,,,
(no final do período 3),,0.0,,x,221.33449404871934,219.8,1.5344940487193242
(no final do período 4),,0.0,,x,221.33449404871934,219.7,1.634494048719347
(no final do período 0),,0.0,,x,220.16544845793572,219.6,0.5654484579357302
(no final do período 1),,0.0,,x,220.16544845793572,219.4,0.7654484579357188
(no final do período 2),,0.0,,x,220.16544845793572,219.5,0.6654484579357245
(no final do período 3),,0.0,,x,220.16544845793572,219.7,0.46544845793573586
(no final do período 4),,0.0,,x,220.16544845793572,219.4,0.7654484579357188
(no final do período 0),,0.0,,x,219.71623509868928,219.3,0.41623509868927044
(no final do período 1),,0.0,,x,219.71623509868928,219.2,0.5162350986892932
(no final do período 2),,0.0,,x,219.71623509868928,219.4,0.31623509868927613
Venda por prejuizo (3),,996.4774081002798,,-3.522591899720169,219.71623509868928,218.9,0.8162350986892761
Compra (4),218.8,0.0,4.55428431490073,,,,
Venda por percentual de diferença (0),,998.29912182624,,-1.7008781737599747,219.55379803886362,219.2,0.3537980388636299
Compra (1),219.2,0.0,4.55428431490073,,,,
Venda por percentual de diferença (2),,999.2099786892203,,-0.7900213107797072,219.55379803886362,219.4,0.15379803886361287
Compra (3),219.3,0.0,4.556361051934429,,,,
(no final do período 4),,0.0,,x,219.55379803886362,219.2,0.3537980388636299
(no final do período 0),,0.0,,x,219.3754007125972,218.7,0.6754007125972237
(no final do período 1),,0.0,,x,219.3754007125972,218.8,0.5754007125972009
(no final do período 2),,0.0,,x,219.3754007125972,219.0,0.3754007125972123
Venda por prejuizo (3),,992.3754371113187,,-7.624562888681339,219.3754007125972,217.8,1.575400712597201
Compra (4),218.3,0.0,4.545925044028029,,,,
Venda por percentual de diferença (0),,993.2846221201243,,-6.715377879875746,218.8816594581548,218.5,0.3816594581547861
Compra (1),218.4,0.0,4.548006511539031,,,,
(no final do período 2),,0.0,,x,218.8816594581548,218.3,0.5816594581547747
(no final do período 3),,0.0,,x,218.8816594581548,218.1,0.7816594581547918
Venda por prejuizo (4),,989.646216910893,,-10.353783089106969,218.8816594581548,217.6,1.2816594581547918
Compra (0),216.2,0.0,4.5774570624925675,,,,
Venda por percentual de diferença (1),,991.47719973589,,-8.522800264109947,217.58698888754958,216.6,0.986988887549586
Compra (2),216.8,0.0,4.573234316124954,,,,
(no final do período 3),,0.0,,x,217.58698888754958,216.6,0.986988887549586
(no final do período 4),,0.0,,x,217.58698888754958,216.5,1.0869888875495803
(no final do período 0),,0.0,,x,216.8636886586687,216.3,0.5636886586686956
(no final do período 1),,0.0,,x,216.8636886586687,216.7,0.1636886586687183
(no final do período 2),,0.0,,x,216.8636886586687,216.8,0.06368865866869555
(no final do período 3),,0.0,,x,216.8636886586687,216.6,0.2636886586687126
(no final do período 4),,0.0,,x,216.8636886586687,216.6,0.2636886586687126
Venda por prejuizo (0),,988.2759357146025,,-11.724064285397503,216.733131663848,216.1,0.6331316638480189
Compra (1),213.6,0.0,4.62675999866387,,,,
Venda por percentual de diferença (2),,990.5893157139345,,-9.410684286065475,216.733131663848,214.1,2.633131663848019
Compra (3),213.9,0.0,4.631086094969306,,,,
Venda por percentual de diferença (4),,992.4417501519223,,-7.558249848077708,216.733131663848,214.3,2.433131663848002
Compra (0),214.4,0.0,4.628926073469787,,,,
Venda (1),,995.681998403351,,-4.318001596648969,214.87929128677416,215.1,-0.2207087132258323
Compra (2),214.7,0.0,4.637550062428277,,,,
(no final do período 3),,0.0,,x,214.87929128677416,214.6,0.2792912867741677
(no final do período 4),,0.0,,x,214.87929128677416,214.6,0.2792912867741677
(no final do período 0),,0.0,,x,214.97560956397788,214.6,0.37560956397788914
(no final do período 1),,0.0,,x,214.97560956397788,214.4,0.5756095639778778
(no final do período 2),,0.0,,x,214.97560956397788,214.7,0.2756095639778948
Venda por prejuizo (3),,991.9719583534085,,-8.028041646591532,214.97560956397788,213.9,1.0756095639778778
Compra (4),213.9,0.0,4.637550062428277,,,,
(no final do período 0),,0.0,,x,214.39493397742575,213.9,0.4949339774257453
Venda por percentual de diferença (1),,993.8269783783797,,-6.173021621620251,214.39493397742575,214.3,0.09493397742573961
Compra (2),214.4,0.0,4.635387026018562,,,,
Venda (3),,994.2905170809815,,-5.7094829190184555,214.39493397742575,214.5,-0.10506602257424902
Compra (4),214.2,0.0,4.641879164710465,,,,
Venda por percentual de diferença (0),,996.1472687468658,,-3.852731253134152,214.98490930996638,214.6,0.38490930996638895
Compra (1),214.9,0.0,4.6353991100366025,,,,
(no final do período 2),,0.0,,x,214.98490930996638,214.6,0.38490930996638895
(no final do período 3),,0.0,,x,214.98490930996638,214.5,0.48490930996638326
(no final do período 4),,0.0,,x,214.98490930996638,214.7,0.28490930996639463
(no final do período 0),,0.0,,x,215.205545039599,214.8,0.4055450395989908
(no final do período 1),,0.0,,x,215.205545039599,214.7,0.5055450395990135
(no final do período 2),,0.0,,x,215.205545039599,214.8,0.4055450395989908
Venda por percentual de diferença (3),,996.6108086578696,,-3.3891913421304025,215.205545039599,215.0,0.20554503959900217
Compra (4),215.2,0.0,4.6310911182986505,,,,
Venda por percentual de diferença (0),,997.0739177696995,,-2.9260822303004943,215.63955580159933,215.3,0.3395558015993174
Compra (1),215.4,0.0,4.628941122422003,,,,
(no final do período 2),,0.0,,x,215.63955580159933,215.3,0.3395558015993174
(no final do período 3),,0.0,,x,215.63955580159933,215.3,0.3395558015993174
(no final do período 4),,0.0,,x,215.63955580159933,215.3,0.3395558015993174
(no final do período 0),,0.0,,x,215.485840481269,215.1,0.38584048126901394
(no final do período 1),,0.0,,x,215.485840481269,215.1,0.38584048126901394
Venda (2),,997.5368118819417,,-2.4631881180582695,215.485840481269,215.5,-0.01415951873099175
Compra (3),215.4,0.0,4.631090120157575,,,,
(no final do período 4),,0.0,,x,215.485840481269,215.4,0.08584048126900257
(no final do período 0),,0.0,,x,215.6849860849978,215.3,0.3849860849977915
Venda por percentual de diferença (1),,997.9999208939574,,-2.0000791060425627,215.6849860849978,215.5,0.1849860849978029
Compra (2),215.8,0.0,4.624652089406661,,,,
Venda por prejuizo (3),,993.8377340134915,,-6.162265986508487,215.6849860849978,214.9,0.7849860849977972
Compra (4),214.7,0.0,4.6289601025314,,,,
Venda por percentual de diferença (0),,996.1522140647571,,-3.8477859352428823,215.54606590356863,215.2,0.3460659035686433
Compra (1),214.9,0.0,4.635422122218507,,,,
Venda por percentual de diferença (2),,996.6157562769789,,-3.3842437230210862,215.54606590356863,215.0,0.5460659035686319
Compra (3),214.9,0.0,4.637579135770028,,,,
Venda por percentual de diferença (4),,998.0070300177099,,-1.9929699822901057,215.54606590356863,215.2,0.3460659035686433
Compra (0),215.3,0.0,4.635425127811007,,,,
(no final do período 1),,0.0,,x,215.63077703622483,215.3,0.33077703622481636
(no final do período 2),,0.0,,x,215.63077703622483,215.1,0.5307770362248334
(no final do período 3),,0.0,,x,215.63077703622483,214.9,0.730777036224822
(no final do período 4),,0.0,,x,215.63077703622483,215.3,0.33077703622481636
Venda por percentual de diferença (0),,999.397657556053,,-0.6023424439470091,215.9923796627611,215.6,0.39237966276110114
Compra (1),215.7,0.0,4.633276112916333,,,,
(no final do período 2),,0.0,,x,215.9923796627611,215.5,0.49237966276109546
(no final do período 3),,0.0,,x,215.9923796627611,215.5,0.49237966276109546
(no final do período 4),,0.0,,x,215.9923796627611,215.5,0.49237966276109546
(no final do período 0),,0.0,,x,215.71066852432813,215.3,0.4106685243281163
(no final do período 1),,0.0,,x,215.71066852432813,215.4,0.310668524328122
(no final do período 2),,0.0,,x,215.71066852432813,215.1,0.6106685243281333
Venda por prejuizo (3),,996.1543642770115,,-3.8456357229885043,215.71066852432813,215.0,0.7106685243281277
Compra (4),214.9,0.0,4.635432127859523,,,,
Venda por percentual de diferença (0),,996.6179074897974,,-3.3820925102025967,215.3603093486067,215.0,0.36030934860670527
Compra (1),215.2,0.0,4.631124105435862,,,,
Venda por prejuizo (2),,989.2081089211,,-10.791891078899994,215.3603093486067,213.6,1.760309348606711
Compra (3),213.7,0.0,4.628956990739822,,,,
Venda por percentual de diferença (4),,990.5967960183219,,-9.403203981678075,215.3603093486067,214.0,1.3603093486067053
Compra (0),213.9,0.0,4.63112106600431,,,,
(no final do período 1),,0.0,,x,214.31163075680632,213.5,0.8116307568063235
(no final do período 2),,0.0,,x,214.31163075680632,213.7,0.6116307568063348
(no final do período 3),,0.0,,x,214.31163075680632,213.9,0.4116307568063178
Venda por percentual de diferença (4),,991.0599081249223,,-8.940091875077655,214.31163075680632,214.0,0.31163075680632346
Compra (0),214.0,0.0,4.63112106600431,,,,
Venda (1),,993.8385807645249,,-6.161419235475137,214.41227704291106,214.6,-0.18772295708893694
Compra (2),214.8,0.0,4.626809035216596,,,,
(no final do período 3),,0.0,,x,214.41227704291106,214.6,-0.18772295708893694
Venda por prejuizo (4),,990.1371335363515,,-9.862866463648515,214.41227704291106,214.0,0.4122770429110574
Compra (0),213.7,0.0,4.633304321648814,,,,
Venda por percentual de diferença (1),,991.0637944006813,,-8.936205599318669,214.29539949710687,213.9,0.3953994971068653
Compra (2),213.7,0.0,4.637640591486576,,,,
Venda por percentual de diferença (3),,991.5275584598301,,-8.472441540169939,214.29539949710687,213.8,0.4953994971068596
Compra (4),214.0,0.0,4.633306347943131,,,,
(no final do período 0),,0.0,,x,214.21589237336474,213.6,0.6158923733647441
(no final do período 1),,0.0,,x,214.21589237336474,213.5,0.7158923733647384
(no final do período 2),,0.0,,x,214.21589237336474,213.4,0.8158923733647327
(no final do período 3),,0.0,,x,214.21589237336474,213.4,0.8158923733647327
(no final do período 4),,0.0,,x,214.21589237336474,213.8,0.41589237336472706
(no final do período 0),,0.0,,x,214.09129154159314,213.7,0.39129154159314794
(no final do período 1),,0.0,,x,214.09129154159314,213.8,0.2912915415931252
(no final do período 2),,0.0,,x,214.09129154159314,214.0,0.09129154159313657
(no final do período 3),,0.0,,x,214.09129154159314,213.7,0.39129154159314794
(no final do período 4),,0.0,,x,214.09129154159314,213.8,0.2912915415931252
(no final do período 0),,0.0,,x,213.99084475331227,213.5,0.49084475331227395
Venda por prejuizo (1),,988.28424401627,,-11.715755983729991,213.99084475331227,213.3,0.6908447533122626
Compra (2),213.4,0.0,4.631135164087488,,,,
(no final do período 3),,0.0,,x,213.99084475331227,213.2,0.7908447533122853
Venda por percentual de diferença (4),,988.7473575326787,,-11.252642467321266,213.99084475331227,213.5,0.49084475331227395
Compra (0),213.3,0.0,4.635477531798775,,,,
(no final do período 1),,0.0,,x,213.76698521455614,213.1,0.6669852145561492
(no final do período 2),,0.0,,x,213.76698521455614,212.9,0.8669852145561379
(no final do período 3),,0.0,,x,213.76698521455614,213.3,0.4669852145561322
Venda por percentual de diferença (4),,989.6744530390384,,-10.32554696096156,213.76698521455614,213.5,0.26698521455614355
Compra (0),213.3,0.0,4.639823971115979,,,,
Venda por percentual de diferença (1),,991.0664002303732,,-8.933599769626767,213.77976238659636,213.6,0.1797623865963658
Compra (2),213.3,0.0,4.646349743227254,,,,
Venda por percentual de diferença (3),,991.9956701790187,,-8.004329820981297,213.77976238659636,213.5,0.2797623865963601
Compra (4),213.3,0.0,4.65070637683553,,,,
Venda por percentual de diferença (0),,992.4607408167022,,-7.539259183297759,213.74714500544425,213.4,0.3471450054442471
Compra (1),213.3,0.0,4.652886736130812,,,,
(no final do período 2),,0.0,,x,213.74714500544425,213.1,0.6471450054442585
(no final do período 3),,0.0,,x,213.74714500544425,213.1,0.6471450054442585
Venda por percentual de diferença (4),,993.3913181639283,,-6.608681836071696,213.74714500544425,213.5,0.24714500544425277
Compra (0),213.7,0.0,4.648532139279029,,,,
(no final do período 1),,0.0,,x,214.10409798273358,213.4,0.7040979827335718
(no final do período 2),,0.0,,x,214.10409798273358,213.6,0.5040979827335832
(no final do período 3),,0.0,,x,214.10409798273358,213.5,0.6040979827335775
Venda por prejuizo (4),,990.1373456664331,,-9.862654333566866,214.10409798273358,213.0,1.1040979827335775
Compra (0),212.4,0.0,4.661663586000156,,,,
Venda por prejuizo (1),,985.0095157218329,,-14.99048427816706,213.21626492390297,211.3,1.9162649239029577
Compra (2),211.8,0.0,4.650658714456246,,,,
Venda por percentual de diferença (3),,987.7999109505067,,-12.200089049493272,213.21626492390297,212.4,0.8162649239029633
Compra (4),212.2,0.0,4.655041993169212,,,,
(no final do período 0),,0.0,,x,212.58065734544675,212.0,0.5806573454467525
(no final do período 1),,0.0,,x,212.58065734544675,211.7,0.8806573454467639
Venda por percentual de diferença (2),,988.2654151498239,,-11.734584850176134,212.58065734544675,212.3,0.28065734544674115
Compra (3),212.2,0.0,4.657235698161282,,,,
(no final do período 4),,0.0,,x,212.58065734544675,212.0,0.5806573454467525
(no final do período 0),,0.0,,x,212.44085980838062,212.1,0.34085980838062824
(no final do período 1),,0.0,,x,212.44085980838062,212.2,0.24085980838063392
Venda por percentual de diferença (2),,988.7311387196402,,-11.268861280359829,212.44085980838062,212.3,0.14085980838061118
Compra (3),212.2,0.0,4.659430436944581,,,,
(no final do período 4),,0.0,,x,212.44085980838062,212.0,0.44085980838062255
Venda por prejuizo (0),,985.0035943700846,,-14.996405629915444,212.19026109428734,211.4,0.7902610942873309
Compra (1),211.2,0.0,4.663842776373507,,,,
(no final do período 2),,0.0,,x,212.19026109428734,210.9,1.290261094287331
(no final do período 3),,0.0,,x,212.19026109428734,211.0,1.1902610942873366
(no final do período 4),,0.0,,x,212.19026109428734,211.1,1.0902610942873423
Venda por percentual de diferença (0),,985.469978647722,,-14.530021352278027,211.70755665348904,211.3,0.40755665348902426
Compra (1),211.5,0.0,4.6594325231570775,,,,
Venda por percentual de diferença (2),,986.4018651523533,,-13.598134847646747,211.70755665348904,211.7,0.007556653489046994
Compra (3),211.7,0.0,4.6594325231570775,,,,
(no final do período 4),,0.0,,x,211.70755665348904,211.4,0.30755665348902994
(no final do período 0),,0.0,,x,212.05643565806926,211.7,0.35643565806927313
Venda (1),,988.2656381616162,,-11.734361838383847,212.05643565806926,212.1,-0.04356434193073255
Compra (2),212.1,0.0,4.6594325231570775,,,,
(no final do período 3),,0.0,,x,212.05643565806926,211.8,0.2564356580692504
(no final do período 4),,0.0,,x,212.05643565806926,212.0,0.05643565806926176
Venda por percentual de diferença (0),,988.7315814139317,,-11.268418586068265,212.60031280049225,212.2,0.4003128004922587
Compra (1),212.3,0.0,4.657237783391105,,,,
Venda por percentual de diferença (2),,989.6630289706098,,-10.336971029390156,212.60031280049225,212.5,0.10031280049224733
Compra (3),212.8,0.0,4.650672128621286,,,,
(no final do período 4),,0.0,,x,212.60031280049225,212.6,0.0003128004922530181
(no final do período 0),,0.0,,x,213.20789800186304,212.8,0.4078980018630318
(no final do período 1),,0.0,,x,213.20789800186304,212.6,0.6078980018630489
(no final do período 2),,0.0,,x,213.20789800186304,212.6,0.6078980018630489
Venda por percentual de diferença (3),,990.1280961834718,,-9.871903816528175,213.20789800186304,212.9,0.3078980018630375
Compra (4),212.7,0.0,4.655045116048293,,,,
(no final do período 0),,0.0,,x,212.9178424146411,212.5,0.4178424146410862
(no final do período 1),,0.0,,x,212.9178424146411,212.6,0.31784241464109186
(no final do período 2),,0.0,,x,212.9178424146411,212.4,0.5178424146410805
(no final do período 3),,0.0,,x,212.9178424146411,212.4,0.5178424146410805
(no final do período 4),,0.0,,x,212.9178424146411,212.5,0.4178424146410862
(no final do período 0),,0.0,,x,212.8327596500151,212.5,0.332759650015106
(no final do período 1),,0.0,,x,212.8327596500151,212.5,0.332759650015106
(no final do período 2),,0.0,,x,212.8327596500151,212.4,0.4327596500151003
(no final do período 3),,0.0,,x,212.8327596500151,212.7,0.13275965001511736
Venda (4),,992.455618741496,,-7.544381258504018,212.8327596500151,213.2,-0.36724034998488264
Compra (0),213.0,0.0,4.6594160504295585,,,,
(no final do período 1),,0.0,,x,213.45877455746052,212.8,0.6587745574605037
(no final do período 2),,0.0,,x,213.45877455746052,212.9,0.5587745574605094
Venda por prejuizo (3),,988.2621442961093,,-11.73785570389066,213.45877455746052,212.1,1.3587745574605208
Compra (4),212.3,0.0,4.655026586415965,,,,
(no final do período 0),,0.0,,x,212.5827669340781,212.0,0.5827669340781085
(no final do período 1),,0.0,,x,212.5827669340781,211.7,0.8827669340781199
(no final do período 2),,0.0,,x,212.5827669340781,211.9,0.6827669340781028
(no final do período 3),,0.0,,x,212.5827669340781,212.1,0.4827669340781142
Venda por percentual de diferença (4),,989.1931496133926,,-10.80685038660738,212.5827669340781,212.5,0.08276693407810853
Compra (0),212.4,0.0,4.657218218518797,,,,
(no final do período 1),,0.0,,x,212.7796674877049,212.1,0.6796674877049043
(no final do período 2),,0.0,,x,212.7796674877049,211.8,0.9796674877048872
(no final do período 3),,0.0,,x,212.7796674877049,211.9,0.8796674877048929
(no final do período 4),,0.0,,x,212.7796674877049,212.3,0.4796674877048872
Venda por percentual de diferença (0),,991.0560369008001,,-8.943963099199891,213.35206161401874,212.8,0.5520616140187258
Compra (1),212.4,0.0,4.665988874297552,,,,
Venda por percentual de diferença (2),,992.9224324505192,,-7.077567549480818,213.35206161401874,212.8,0.5520616140187258
Compra (3),212.9,0.0,4.663797240256079,,,,
(no final do período 4),,0.0,,x,213.35206161401874,212.8,0.5520616140187258
(no final do período 0),,0.0,,x,212.92499885920822,212.3,0.6249988592082047
(no final do período 1),,0.0,,x,212.92499885920822,212.7,0.2249988592082275
(no final do período 2),,0.0,,x,212.92499885920822,212.7,0.2249988592082275
(no final do período 3),,0.0,,x,212.92499885920822,212.4,0.5249988592082104
(no final do período 4),,0.0,,x,212.92499885920822,212.7,0.2249988592082275
Venda por percentual de diferença (0),,995.2543310706473,,-4.745668929352746,213.92428444632284,213.4,0.524284446322838
Compra (1),213.2,0.0,4.668172284571517,,,,
(no final do período 2),,0.0,,x,213.92428444632284,212.7,1.224284446322855
(no final do período 3),,0.0,,x,213.92428444632284,212.8,1.1242844463228323
(no final do período 4),,0.0,,x,213.92428444632284,213.0,0.9242844463228437
Venda por percentual de diferença (0),,995.7211482991046,,-4.278851700895416,213.67187881964938,213.3,0.37187881964936764
Compra (1),213.3,0.0,4.668172284571517,,,,
(no final do período 2),,0.0,,x,213.67187881964938,212.8,0.8718788196493676
Venda por percentual de diferença (3),,996.1879655275617,,-3.812034472438313,213.67187881964938,213.4,0.2718788196493733
Compra (4),213.1,0.0,4.674744089758619,,,,
Venda por percentual de diferença (0),,997.5903887544893,,-2.409611245510746,213.77565842004304,213.4,0.3756584200430382
Compra (1),213.2,0.0,4.679129403163646,,,,
(no final do período 2),,0.0,,x,213.77565842004304,213.2,0.5756584200430552
Venda por percentual de diferença (3),,998.0583016948058,,-1.9416983051942225,213.77565842004304,213.3,0.4756584200430325
Compra (4),213.5,0.0,4.674746143769582,,,,
(no final do período 0),,0.0,,x,213.80497362927207,213.5,0.3049736292720695
(no final do período 1),,0.0,,x,213.80497362927207,213.5,0.3049736292720695
Venda por percentual de diferença (2),,998.5257763091827,,-1.4742236908173254,213.80497362927207,213.6,0.2049736292720752
Compra (3),213.4,0.0,4.679127349152683,,,,
(no final do período 4),,0.0,,x,213.80497362927207,213.4,0.4049736292720638
(no final do período 0),,0.0,,x,213.580966582826,213.0,0.5809665828259938
(no final do período 1),,0.0,,x,213.580966582826,213.1,0.48096658282599947
Venda (2),,999.4616017790131,,-0.5383982209868918,213.580966582826,213.6,-0.019033417174000533
Compra (3),213.5,0.0,4.681318977887649,,,,
(no final do período 4),,0.0,,x,213.580966582826,213.3,0.2809665828259824
(no final do período 0),,0.0,,x,213.4999513664999,213.1,0.3999513664998915
(no final do período 1),,0.0,,x,213.4999513664999,213.0,0.4999513664998858
(no final do período 2),,0.0,,x,213.4999513664999,213.1,0.3999513664998915
(no final do período 3),,0.0,,x,213.4999513664999,213.0,0.4999513664998858
(no final do período 4),,0.0,,x,213.4999513664999,212.9,0.5999513664998801
(no final do período 0),,0.0,,x,213.35354890659474,213.0,0.3535489065947388
(no final do período 1),,0.0,,x,213.35354890659474,213.0,0.3535489065947388
(no final do período 2),,0.0,,x,213.35354890659474,213.0,0.3535489065947388
(no final do período 3),,0.0,,x,213.35354890659474,213.2,0.15354890659475018
(no final do período 4),,0.0,,x,213.35354890659474,212.9,0.4535489065947331
Venda por prejuizo (0),,995.7165465967029,,-4.2834534032971305,213.15573831290283,212.7,0.45573831290283806
Compra (1),212.8,0.0,4.679119109946912,,,,
(no final do período 2),,0.0,,x,213.15573831290283,212.7,0.45573831290283806
(no final do período 3),,0.0,,x,213.15573831290283,212.8,0.3557383129028153
Venda por percentual de diferença (4),,996.1844585076976,,-3.8155414923023727,213.15573831290283,212.9,0.255738312902821
Compra (0),212.9,0.0,4.679119109946912,,,,
(no final do período 1),,0.0,,x,213.23338908047447,212.8,0.43338908047445557
Venda por percentual de diferença (2),,996.6523704186923,,-3.3476295813077286,213.23338908047447,213.0,0.23338908047446694
Compra (3),212.8,0.0,4.6835167782833285,,,,
Venda por percentual de diferença (4),,997.1207220965207,,-2.8792779034793057,213.23338908047447,212.9,0.33338908047446125
Compra (0),212.6,0.0,4.690125691893324,,,,
Venda por percentual de diferença (1),,997.58973466571,,-2.4102653342899885,213.14649653778116,212.7,0.44649653778117226
Compra (2),212.7,0.0,4.690125691893324,,,,
(no final do período 3),,0.0,,x,213.14649653778116,212.4,0.7464965377811552
(no final do período 4),,0.0,,x,213.14649653778116,212.3,0.8464965377811495
(no final do período 0),,0.0,,x,212.70776667825592,212.3,0.4077666782559106
(no final do período 1),,0.0,,x,212.70776667825592,212.4,0.3077666782559163
(no final do período 2),,0.0,,x,212.70776667825592,212.3,0.4077666782559106
(no final do período 3),,0.0,,x,212.70776667825592,212.4,0.3077666782559163
(no final do período 4),,0.0,,x,212.70776667825592,212.5,0.207766678255922
(no final do período 0),,0.0,,x,212.9123770614218,212.6,0.3123770614218131
(no final do período 1),,0.0,,x,212.9123770614218,212.6,0.3123770614218131
(no final do período 2),,0.0,,x,212.9123770614218,212.6,0.3123770614218131
(no final do período 3),,0.0,,x,212.9123770614218,212.5,0.4123770614218074
(no final do período 4),,0.0,,x,212.9123770614218,212.5,0.4123770614218074
(no final do período 0),,0.0,,x,212.70160677043663,212.4,0.30160677043662076
(no final do período 1),,0.0,,x,212.70160677043663,212.5,0.20160677043662645
(no final do período 2),,0.0,,x,212.70160677043663,212.6,0.10160677043663213
Venda (3),,998.0587472348994,,-1.9412527651005576,212.70160677043663,212.8,-0.09839322956338492
Compra (4),212.7,0.0,4.692330734531732,,,,
(no final do período 0),,0.0,,x,213.03494405628254,212.7,0.3349440562825521
Venda por percentual de diferença (1),,998.5279803083528,,-1.4720196916472332,213.03494405628254,212.8,0.23494405628252935
Compra (2),212.4,0.0,4.701167515576048,,,,
(no final do período 3),,0.0,,x,213.03494405628254,212.2,0.8349440562825521
(no final do período 4),,0.0,,x,213.03494405628254,212.2,0.8349440562825521
(no final do período 0),,0.0,,x,212.44240039965462,212.0,0.4424003996546162
(no final do período 1),,0.0,,x,212.44240039965462,212.0,0.4424003996546162
Venda (2),,998.9980970599103,,-1.0019029400897352,212.44240039965462,212.5,-0.057599600345383806
Compra (3),212.9,0.0,4.692334885203899,,,,
(no final do período 4),,0.0,,x,212.44240039965462,212.4,0.04240039965461051
(no final do período 0),,0.0,,x,213.08060097906466,212.6,0.48060097906466126
(no final do período 1),,0.0,,x,213.08060097906466,212.8,0.2806009790646442
Venda (2),,999.9365640369509,,-0.06343596304907351,213.08060097906466,213.1,-0.01939902093533874
Compra (3),212.7,0.0,4.701159210328871,,,,
Venda por percentual de diferença (4),,1000.4066799579839,,0.4066799579838971,213.08060097906466,212.8,0.2806009790646442
Compra (0),212.1,0.0,4.71667458726065,,,,
(no final do período 1),,0.0,,x,213.06592509417624,211.9,1.165925094176231
(no final do período 2),,0.0,,x,213.06592509417624,211.5,1.5659250941762366
Venda por prejuizo (3),,996.1616728294492,,-3.8383271705507696,213.06592509417624,211.2,1.865925094176248
Compra (4),211.3,0.0,4.714442370229291,,,,
(no final do período 0),,0.0,,x,211.85564343588308,211.3,0.55564343588307
(no final do período 1),,0.0,,x,211.85564343588308,210.7,1.1556434358830927
(no final do período 2),,0.0,,x,211.85564343588308,210.8,1.05564343588307
(no final do período 3),,0.0,,x,211.85564343588308,210.8,1.05564343588307
(no final do período 4),,0.0,,x,211.85564343588308,210.9,0.9556434358830757
(no final do período 0),,0.0,,x,211.783055896382,211.3,0.483055896381984
(no final do período 1),,0.0,,x,211.783055896382,210.8,0.983055896381984
Venda por prejuizo (2),,992.8615631702886,,-7.138436829711395,211.783055896382,210.6,1.183055896382001
Compra (3),210.4,0.0,4.718923779326467,,,,
Venda por percentual de diferença (4),,995.2210250599519,,-4.778974940048101,211.783055896382,210.9,0.8830558963819897
Compra (0),210.8,0.0,4.721162357969411,,,,
Venda por percentual de diferença (1),,996.6373737673426,,-3.3626262326573624,211.18638087063238,211.1,0.08638087063238231
Compra (2),211.2,0.0,4.7189269591256755,,,,
(no final do período 3),,0.0,,x,211.18638087063238,210.9,0.28638087063237094
(no final do período 4),,0.0,,x,211.18638087063238,211.0,0.18638087063237663
(no final do período 0),,0.0,,x,211.3991175694282,210.9,0.4991175694281935
(no final do período 1),,0.0,,x,211.3991175694282,210.8,0.5991175694281878
(no final do período 2),,0.0,,x,211.3991175694282,210.7,0.6991175694282106
(no final do período 3),,0.0,,x,211.3991175694282,211.0,0.3991175694281992
(no final do período 4),,0.0,,x,211.3991175694282,211.1,0.2991175694282049
Venda por prejuizo (0),,993.3341248959547,,-6.665875104045313,211.25750118497123,210.5,0.7575011849712325
Compra (1),210.7,0.0,4.714447673924797,,,,
Venda por percentual de diferença (2),,993.8055696633472,,-6.194430336652772,211.25750118497123,210.8,0.45750118497122116
Compra (3),210.7,0.0,4.716685190618639,,,,
Venda por percentual de diferença (4),,995.6922437395947,,-4.307756260405313,211.25750118497123,211.1,0.15750118497123822
Compra (0),211.2,0.0,4.714451911645808,,,,
(no final do período 1),,0.0,,x,211.5285587063416,211.0,0.5285587063416131
(no final do período 2),,0.0,,x,211.5285587063416,211.1,0.42855870634161874
(no final do período 3),,0.0,,x,211.5285587063416,210.7,0.8285587063416244
(no final do período 4),,0.0,,x,211.5285587063416,210.8,0.7285587063416017
(no final do período 0),,0.0,,x,211.1098252882048,210.6,0.5098252882048087
(no final do período 1),,0.0,,x,211.1098252882048,210.7,0.40982528820481434
(no final do período 2),,0.0,,x,211.1098252882048,211.2,-0.09017471179518566
(no final do período 3),,0.0,,x,211.1098252882048,211.1,0.009825288204808658
Venda (4),,996.1636889307593,,-3.836311069240651,211.1098252882048,211.3,-0.1901747117952084
Compra (0),211.2,0.0,4.716684133194883,,,,
(no final do período 1),,0.0,,x,211.61118009261077,211.1,0.5111800926107719
(no final do período 2),,0.0,,x,211.61118009261077,211.2,0.4111800926107776
Venda por percentual de diferença (3),,997.1070257573983,,-2.8929742426016674,211.61118009261077,211.4,0.21118009261076054
Compra (4),211.5,0.0,4.71445402249361,,,,
Venda por percentual de diferença (0),,998.0499165618971,,-1.9500834381028653,212.13896308988222,211.7,0.4389630898822361
Compra (1),211.6,0.0,4.716682025339779,,,,
(no final do período 2),,0.0,,x,212.13896308988222,211.5,0.6389630898822247
(no final do período 3),,0.0,,x,212.13896308988222,211.5,0.6389630898822247
(no final do período 4),,0.0,,x,212.13896308988222,211.4,0.738963089882219
(no final do período 0),,0.0,,x,211.954739851748,211.6,0.3547398517480076
(no final do período 1),,0.0,,x,211.954739851748,211.5,0.4547398517480019
(no final do período 2),,0.0,,x,211.954739851748,211.5,0.4547398517480019
(no final do período 3),,0.0,,x,211.954739851748,211.5,0.4547398517480019
(no final do período 4),,0.0,,x,211.954739851748,211.6,0.3547398517480076
(no final do período 0),,0.0,,x,211.81383223995036,211.4,0.41383223995035223
(no final do período 1),,0.0,,x,211.81383223995036,211.3,0.5138322399503465
(no final do período 2),,0.0,,x,211.81383223995036,211.2,0.6138322399503693
(no final do período 3),,0.0,,x,211.81383223995036,211.3,0.5138322399503465
(no final do período 4),,0.0,,x,211.81383223995036,211.3,0.5138322399503465
(no final do período 0),,0.0,,x,211.68221163067832,211.3,0.382211630678313
(no final do período 1),,0.0,,x,211.68221163067832,211.4,0.28221163067831867
(no final do período 2),,0.0,,x,211.68221163067832,211.4,0.28221163067831867
(no final do período 3),,0.0,,x,211.68221163067832,211.5,0.18221163067832435
Venda (4),,998.9932529669652,,-1.0067470330347987,211.68221163067832,211.8,-0.11778836932168701
Compra (0),211.9,0.0,4.714456125375013,,,,
Venda (1),,1001.8219266421902,,1.821926642190192,212.4414892034876,212.5,-0.05851079651239388
Compra (2),212.5,0.0,4.714456125375013,,,,
(no final do período 3),,0.0,,x,212.4414892034876,212.3,0.14148920348759475
(no final do período 4),,0.0,,x,212.4414892034876,212.4,0.041489203487600435
(no final do período 0),,0.0,,x,212.78336305265987,212.3,0.483363052659854
(no final do período 1),,0.0,,x,212.78336305265987,212.1,0.6833630526598711
(no final do período 2),,0.0,,x,212.78336305265987,212.2,0.5833630526598768
(no final do período 3),,0.0,,x,212.78336305265987,212.2,0.5833630526598768
(no final do período 4),,0.0,,x,212.78336305265987,212.2,0.5833630526598768
(no final do período 0),,0.0,,x,212.52744900919046,212.2,0.3274490091904738
(no final do período 1),,0.0,,x,212.52744900919046,212.1,0.42744900919046813
(no final do período 2),,0.0,,x,212.52744900919046,212.4,0.12744900919045676
(no final do período 3),,0.0,,x,212.52744900919046,212.2,0.3274490091904738
(no final do período 4),,0.0,,x,212.52744900919046,212.0,0.5274490091904624
(no final do período 0),,0.0,,x,212.3984022434904,212.0,0.3984022434904091
(no final do período 1),,0.0,,x,212.3984022434904,211.9,0.4984022434904034
(no final do período 2),,0.0,,x,212.3984022434904,212.1,0.2984022434904148
(no final do período 3),,0.0,,x,212.3984022434904,212.1,0.2984022434904148
(no final do período 4),,0.0,,x,212.3984022434904,211.9,0.4984022434904034
Venda por prejuizo (0),,998.5218073544278,,-1.4781926455722214,212.1726320881334,211.8,0.37263208813340043
Compra (1),211.5,0.0,4.721143297184056,,,,
Venda por prejuizo (2),,993.8006640572437,,-6.199335942756306,212.1726320881334,210.5,1.6726320881334118
Compra (3),211.1,0.0,4.707724604724035,,,,
(no final do período 4),,0.0,,x,212.1726320881334,211.1,1.0726320881334175
Venda por percentual de diferença (0),,995.212981438661,,-4.787018561338982,212.36504753732802,211.4,0.9650475373280187
Compra (1),211.3,0.0,4.709952586079797,,,,
(no final do período 2),,0.0,,x,212.36504753732802,211.2,1.1650475373280358
Venda por percentual de diferença (3),,996.625967214485,,-3.3740327855150554,212.36504753732802,211.6,0.7650475373280301
Compra (4),211.6,0.0,4.709952586079797,,,,
Venda por percentual de diferença (0),,997.0969624730928,,-2.9030375269071556,212.09017936580418,211.7,0.3901793658041868
Compra (1),211.9,0.0,4.705507137673869,,,,
Venda (2),,998.5086146143949,,-1.4913853856050991,212.09017936580418,212.2,-0.10982063419581323
Compra (3),212.6,0.0,4.696653878713052,,,,
(no final do período 4),,0.0,,x,212.09017936580418,212.6,-0.5098206341958189
(no final do período 0),,0.0,,x,213.02503419787246,212.3,0.7250341978724464
(no final do período 1),,0.0,,x,213.02503419787246,212.4,0.6250341978724521
(no final do período 2),,0.0,,x,213.02503419787246,212.6,0.42503419787246344
(no final do período 3),,0.0,,x,213.02503419787246,212.5,0.5250341978724578
Venda por percentual de diferença (4),,999.4479453901375,,-0.5520546098624664,213.02503419787246,212.8,0.22503419787244638
Compra (0),213.0,0.0,4.692243875071068,,,,
Venda (1),,1001.7940673276731,,1.7940673276731331,213.43327817586058,213.5,-0.06672182413942096
Compra (2),213.7,0.0,4.687852444209982,,,,
Venda (3),,1002.7316378165152,,2.7316378165152173,213.43327817586058,213.9,-0.46672182413942664
Compra (4),213.5,0.0,4.696635305932156,,,,
(no final do período 0),,0.0,,x,213.81178313159904,213.4,0.41178313159903723
(no final do período 1),,0.0,,x,213.81178313159904,213.4,0.41178313159903723
Venda por percentual de diferença (2),,1003.6709648777016,,3.6709648777016355,213.81178313159904,213.7,0.11178313159905429
Compra (3),214.0,0.0,4.690051237746269,,,,
(no final do período 4),,0.0,,x,213.81178313159904,213.5,0.3117831315990429
(no final do período 0),,0.0,,x,213.78603185543545,213.5,0.2860318554354535
(no final do período 1),,0.0,,x,213.78603185543545,213.6,0.1860318554354592
(no final do período 2),,0.0,,x,213.78603185543545,213.6,0.1860318554354592
(no final do período 3),,0.0,,x,213.78603185543545,213.6,0.1860318554354592
(no final do período 4),,0.0,,x,213.78603185543545,213.4,0.3860318554354478
Venda por prejuizo (0),,999.44991876373,,-0.550081236269989,213.53591637470257,213.1,0.43591637470257183
Compra (1),213.5,0.0,4.6812642565045905,,,,
Venda (2),,1001.7905508919823,,1.7905508919823205,213.53591637470257,214.0,-0.46408362529743385
Compra (3),214.0,0.0,4.6812642565045905,,,,
Venda (4),,1002.7268037432832,,2.726803743283199,213.53591637470257,214.2,-0.6640836252974225
Compra (0),213.7,0.0,4.692217144329823,,,,
Venda por percentual de diferença (1),,1003.6652471721492,,3.6652471721491793,214.306922210834,213.9,0.40692221083398294
Compra (2),213.7,0.0,4.696608550173838,,,,
(no final do período 3),,0.0,,x,214.306922210834,213.3,1.0069222108339773
(no final do período 4),,0.0,,x,214.306922210834,213.3,1.0069222108339773
(no final do período 0),,0.0,,x,213.79098603121162,213.3,0.4909860312116052
(no final do período 1),,0.0,,x,213.79098603121162,213.4,0.3909860312116109
(no final do período 2),,0.0,,x,213.79098603121162,213.7,0.09098603121162796
Venda (3),,1004.1349080271667,,4.134908027166716,213.79098603121162,213.8,-0.009013968788394777
Compra (4),213.7,0.0,4.698806308035408,,,,
(no final do período 0),,0.0,,x,213.8609116224745,213.4,0.460911622474498
(no final do período 1),,0.0,,x,213.8609116224745,213.6,0.2609116224745094
(no final do período 2),,0.0,,x,213.8609116224745,213.5,0.3609116224745037
(no final do período 3),,0.0,,x,213.8609116224745,213.4,0.460911622474498
(no final do período 4),,0.0,,x,213.8609116224745,213.5,0.3609116224745037
(no final do período 0),,0.0,,x,213.7448911234342,213.3,0.44489112343418924
(no final do período 1),,0.0,,x,213.7448911234342,213.5,0.2448911234342006
(no final do período 2),,0.0,,x,213.7448911234342,213.3,0.44489112343418924
(no final do período 3),,0.0,,x,213.7448911234342,213.2,0.544891123434212
(no final do período 4),,0.0,,x,213.7448911234342,213.5,0.2448911234342006
(no final do período 0),,0.0,,x,213.73231707841222,213.4,0.3323170784122169
(no final do período 1),,0.0,,x,213.73231707841222,213.4,0.3323170784122169
(no final do período 2),,0.0,,x,213.73231707841222,213.2,0.532317078412234
(no final do período 3),,0.0,,x,213.73231707841222,213.4,0.3323170784122169
(no final do período 4),,0.0,,x,213.73231707841222,213.3,0.43231707841221123
(no final do período 0),,0.0,,x,213.64867305808164,213.4,0.24867305808163565
(no final do período 1),,0.0,,x,213.64867305808164,213.5,0.14867305808164133
(no final do período 2),,0.0,,x,213.64867305808164,213.4,0.24867305808163565
(no final do período 3),,0.0,,x,213.64867305808164,213.5,0.14867305808164133
(no final do período 4),,0.0,,x,213.64867305808164,213.4,0.24867305808163565
(no final do período 0),,0.0,,x,213.81097022620753,213.5,0.31097022620753023
(no final do período 1),,0.0,,x,213.81097022620753,213.4,0.41097022620752455
(no final do período 2),,0.0,,x,213.81097022620753,213.6,0.21097022620753592
(no final do período 3),,0.0,,x,213.81097022620753,213.6,0.21097022620753592
(no final do período 4),,0.0,,x,213.81097022620753,213.4,0.41097022620752455
(no final do período 0),,0.0,,x,213.92282601048836,213.6,0.32282601048837023
(no final do período 1),,0.0,,x,213.92282601048836,213.5,0.42282601048836455
(no final do período 2),,0.0,,x,213.92282601048836,213.5,0.42282601048836455
(no final do período 3),,0.0,,x,213.92282601048836,213.4,0.5228260104883589
(no final do período 4),,0.0,,x,213.92282601048836,213.3,0.6228260104883532
(no final do período 0),,0.0,,x,213.6538020787459,213.3,0.3538020787459004
(no final do período 1),,0.0,,x,213.6538020787459,213.5,0.15380207874591179
(no final do período 2),,0.0,,x,213.6538020787459,213.6,0.05380207874591747
(no final do período 3),,0.0,,x,213.6538020787459,213.5,0.15380207874591179
(no final do período 4),,0.0,,x,213.6538020787459,213.5,0.15380207874591179
(no final do período 0),,0.0,,x,213.6413068817959,213.2,0.44130688179592426
Venda por prejuizo (1),,999.9059823499349,,-0.09401765006509777,213.6413068817959,212.8,0.8413068817959015
Compra (2),212.8,0.0,4.698806308035408,,,,
(no final do período 3),,0.0,,x,213.6413068817959,212.8,0.8413068817959015
Venda por percentual de diferença (4),,1000.3758629807384,,0.37586298073836133,213.6413068817959,212.9,0.7413068817959072
Compra (0),212.8,0.0,4.701014393706477,,,,
(no final do período 1),,0.0,,x,213.14381234723896,212.8,0.34381234723895204
Venda por percentual de diferença (2),,1001.7861672988503,,1.7861672988502733,213.14381234723896,213.1,0.043812347238969096
Compra (3),212.7,0.0,4.709855041367421,,,,
(no final do período 4),,0.0,,x,213.14381234723896,212.6,0.5438123472389691
(no final do período 0),,0.0,,x,212.76785964567384,212.4,0.3678596456738319
(no final do período 1),,0.0,,x,212.76785964567384,212.6,0.16785964567384326
(no final do período 2),,0.0,,x,212.76785964567384,212.6,0.16785964567384326
Venda (3),,1002.2571528029872,,2.257152802987207,212.76785964567384,212.8,-0.03214035432617379
Compra (4),213.0,0.0,4.705432642267546,,,,
(no final do período 0),,0.0,,x,213.2448451531478,212.8,0.4448451531477815
(no final do período 1),,0.0,,x,213.2448451531478,212.7,0.5448451531478042
(no final do período 2),,0.0,,x,213.2448451531478,212.9,0.3448451531477872
(no final do período 3),,0.0,,x,213.2448451531478,212.6,0.6448451531477986
(no final do período 4),,0.0,,x,213.2448451531478,212.7,0.5448451531478042
(no final do período 0),,0.0,,x,212.9823256566497,212.6,0.382325656649698
(no final do período 1),,0.0,,x,212.9823256566497,212.5,0.4823256566496923
(no final do período 2),,0.0,,x,212.9823256566497,212.7,0.28232565664970366
(no final do período 3),,0.0,,x,212.9823256566497,212.7,0.28232565664970366
(no final do período 4),,0.0,,x,212.9823256566497,212.5,0.4823256566496923
(no final do período 0),,0.0,,x,212.94818317654924,212.6,0.3481831765492416
Venda por prejuizo (1),,998.9633499534001,,-1.0366500465999025,212.94818317654924,212.3,0.6481831765492245
Compra (2),212.5,0.0,4.701003999780706,,,,
(no final do período 3),,0.0,,x,212.94818317654924,212.4,0.5481831765492302
(no final do período 4),,0.0,,x,212.94818317654924,212.3,0.6481831765492245
(no final do período 0),,0.0,,x,212.50731073583395,212.1,0.4073107358339598
(no final do período 1),,0.0,,x,212.50731073583395,212.1,0.4073107358339598
(no final do período 2),,0.0,,x,212.50731073583395,212.2,0.3073107358339655
(no final do período 3),,0.0,,x,212.50731073583395,212.2,0.3073107358339655
(no final do período 4),,0.0,,x,212.50731073583395,212.3,0.20731073583394277
(no final do período 0),,0.0,,x,212.57751118285907,212.2,0.3775111828590809
(no final do período 1),,0.0,,x,212.57751118285907,212.2,0.3775111828590809
(no final do período 2),,0.0,,x,212.57751118285907,211.9,0.6775111828590639
(no final do período 3),,0.0,,x,212.57751118285907,212.1,0.47751118285907523
Venda por prejuizo (4),,995.2025467535755,,-4.7974532464245385,212.57751118285907,211.7,0.8775111828590809
Compra (0),211.8,0.0,4.698784451150026,,,,
(no final do período 1),,0.0,,x,212.058546221894,211.6,0.45854622189401084
(no final do período 2),,0.0,,x,212.058546221894,211.6,0.45854622189401084
(no final do período 3),,0.0,,x,212.058546221894,211.7,0.3585462218940165
(no final do período 4),,0.0,,x,212.058546221894,211.7,0.3585462218940165
(no final do período 0),,0.0,,x,212.02680800478973,211.7,0.3268080047897399
Venda por percentual de diferença (1),,995.6724251986905,,-4.327574801309538,212.02680800478973,211.9,0.12680800478972287
Compra (2),212.0,0.0,4.696568043390049,,,,
(no final do período 3),,0.0,,x,212.02680800478973,211.9,0.12680800478972287
Venda (4),,996.1420820030294,,-3.8579179969706274,212.02680800478973,212.1,-0.07319199521026576
Compra (0),212.0,0.0,4.698783405674667,,,,
Venda por percentual de diferença (1),,996.6119603435968,,-3.38803965640318,212.299437377051,212.1,0.19943737705099807
Compra (2),212.3,0.0,4.6943568551276345,,,,
(no final do período 3),,0.0,,x,212.299437377051,212.2,0.09943737705100375
(no final do período 4),,0.0,,x,212.299437377051,212.1,0.19943737705099807
(no final do período 0),,0.0,,x,212.55411616456584,212.2,0.35411616456585193
(no final do período 1),,0.0,,x,212.55411616456584,212.2,0.35411616456585193
(no final do período 2),,0.0,,x,212.55411616456584,212.3,0.2541161645658292
(no final do período 3),,0.0,,x,212.55411616456584,212.1,0.45411616456584625
(no final do período 4),,0.0,,x,212.55411616456584,212.1,0.45411616456584625
(no final do período 0),,0.0,,x,212.53170363734012,212.2,0.33170363734012653
Venda por percentual de diferença (1),,997.0813960291096,,-2.9186039708904445,212.53170363734012,212.4,0.13170363734010948
Compra (2),212.1,0.0,4.700996680948183,,,,
(no final do período 3),,0.0,,x,212.53170363734012,212.0,0.5317036373401152
Venda por percentual de diferença (4),,998.9617947014889,,-1.0382052985111159,212.53170363734012,212.5,0.031703637340115165
Compra (0),212.5,0.0,4.700996680948183,,,,
(no final do período 1),,0.0,,x,212.83717737548662,212.5,0.3371773754866183
Venda por percentual de diferença (2),,999.4318943695837,,-0.5681056304163121,212.83717737548662,212.6,0.237177375486624
Compra (3),212.5,0.0,4.703208914680394,,,,
Venda por percentual de diferença (4),,999.9022152610517,,-0.0977847389483486,212.83717737548662,212.6,0.237177375486624
Compra (0),212.5,0.0,4.705422189463772,,,,
Venda por percentual de diferença (1),,1000.372757479998,,0.37275747999797204,212.89730481400576,212.6,0.2973048140057699
Compra (2),212.6,0.0,4.705422189463772,,,,
(no final do período 3),,0.0,,x,212.89730481400576,212.6,0.2973048140057699
(no final do período 4),,0.0,,x,212.89730481400576,212.0,0.8973048140057642
(no final do período 0),,0.0,,x,212.46809190433626,212.2,0.2680919043362735
(no final do período 1),,0.0,,x,212.46809190433626,212.0,0.46809190433626213
Venda por prejuizo (2),,996.6084197284271,,-3.391580271572934,212.46809190433626,211.8,0.6680919043362508
Compra (3),211.8,0.0,4.705422189463772,,,,
(no final do período 4),,0.0,,x,212.46809190433626,211.6,0.8680919043362678
(no final do período 0),,0.0,,x,211.9619316834953,211.5,0.461931683495294
(no final do período 1),,0.0,,x,211.9619316834953,211.7,0.2619316834953054
(no final do período 2),,0.0,,x,211.9619316834953,211.6,0.3619316834952997
(no final do período 3),,0.0,,x,211.9619316834953,211.7,0.2619316834953054
(no final do período 4),,0.0,,x,211.9619316834953,211.6,0.3619316834952997
(no final do período 0),,0.0,,x,211.9209686157525,211.6,0.3209686157525198
(no final do período 1),,0.0,,x,211.9209686157525,211.7,0.22096861575252547
(no final do período 2),,0.0,,x,211.9209686157525,211.6,0.3209686157525198
(no final do período 3),,0.0,,x,211.9209686157525,211.8,0.12096861575250273
(no final do período 4),,0.0,,x,211.9209686157525,211.6,0.3209686157525198
(no final do período 0),,0.0,,x,211.92648133838105,211.5,0.42648133838105196
(no final do período 1),,0.0,,x,211.92648133838105,211.6,0.32648133838105764
(no final do período 2),,0.0,,x,211.92648133838105,211.6,0.32648133838105764
(no final do período 3),,0.0,,x,211.92648133838105,211.6,0.32648133838105764
(no final do período 4),,0.0,,x,211.92648133838105,211.4,0.5264813383810463
(no final do período 0),,0.0,,x,211.64270419967173,211.2,0.4427041996717378
Venda por prejuizo (1),,993.3146241958023,,-6.685375804197747,211.64270419967173,211.1,0.5427041996717321
Compra (2),211.2,0.0,4.703194243351336,,,,
(no final do período 3),,0.0,,x,211.64270419967173,210.9,0.7427041996717207
(no final do período 4),,0.0,,x,211.64270419967173,211.0,0.6427041996717264
(no final do período 0),,0.0,,x,211.17868696086,210.7,0.47868696086001705
Venda por prejuizo (1),,986.2598328307752,,-13.740167169224833,211.17868696086,209.7,1.478686960860017
Compra (2),209.7,0.0,4.703194243351336,,,,
(no final do período 3),,0.0,,x,211.17868696086,209.7,1.478686960860017
Venda por percentual de diferença (4),,987.2004716794455,,-12.799528320554487,211.17868696086,209.9,1.27868696086
Compra (0),210.1,0.0,4.698717142691316,,,,
Venda por percentual de diferença (1),,987.6703433937146,,-12.329656606285425,210.55988894338702,210.2,0.35988894338703403
Compra (2),210.5,0.0,4.692020633699356,,,,
(no final do período 3),,0.0,,x,210.55988894338702,210.4,0.15988894338701698
(no final do período 4),,0.0,,x,210.55988894338702,210.2,0.35988894338703403
(no final do período 0),,0.0,,x,210.63026419134488,210.0,0.6302641913448781
Venda (1),,989.5471516471943,,-10.452848352805745,210.63026419134488,210.9,-0.2697358086551276
Compra (2),210.9,0.0,4.692020633699356,,,,
Venda (3),,993.3007681541537,,-6.6992318458462705,210.63026419134488,211.7,-1.0697358086551105
Compra (4),211.3,0.0,4.700902830828934,,,,
(no final do período 0),,0.0,,x,211.58604621055107,211.2,0.38604621055108623
Venda (1),,995.6512195695682,,-4.348780430431816,211.58604621055107,211.8,-0.2139537894489365
Compra (2),211.5,0.0,4.707570778106706,,,,
(no final do período 3),,0.0,,x,211.58604621055107,211.5,0.08604621055107486
Venda (4),,996.5927337251895,,-3.4072662748104676,211.58604621055107,211.7,-0.11395378944891377
Compra (0),211.5,0.0,4.712022381679383,,,,
Venda por percentual de diferença (1),,997.0639359633575,,-2.936064036642506,211.96334009512478,211.6,0.3633400951247836
Compra (2),211.5,0.0,4.714250288242825,,,,
(no final do período 3),,0.0,,x,211.96334009512478,211.2,0.7633400951247893
Venda por percentual de diferença (4),,997.5353609921817,,-2.4646390078182776,211.96334009512478,211.6,0.3633400951247836
Compra (0),211.5,0.0,4.716479248189985,,,,
Venda por percentual de diferença (1),,998.0070089170007,,-1.9929910829993105,211.858746480406,211.6,0.25874648040601755
Compra (2),211.3,0.0,4.723175621945105,,,,
Venda por percentual de diferença (3),,999.4239616035841,,-0.5760383964159246,211.858746480406,211.6,0.25874648040601755
Compra (4),211.5,0.0,4.725408801908199,,,,
(no final do período 0),,0.0,,x,211.7883004904877,211.4,0.3883004904876941
(no final do período 1),,0.0,,x,211.7883004904877,211.3,0.4883004904876884
(no final do período 2),,0.0,,x,211.7883004904877,211.5,0.2883004904876998
Venda por percentual de diferença (3),,999.896502483775,,-0.10349751622504755,211.7883004904877,211.6,0.18830049048770547
Compra (4),211.7,0.0,4.723176676824634,,,,
(no final do período 0),,0.0,,x,212.02971758415606,211.7,0.32971758415607155
(no final do período 1),,0.0,,x,212.02971758415606,211.6,0.42971758415606587
(no final do período 2),,0.0,,x,212.02971758415606,211.6,0.42971758415606587
(no final do período 3),,0.0,,x,212.02971758415606,211.5,0.5297175841560602
(no final do período 4),,0.0,,x,212.02971758415606,211.5,0.5297175841560602
Venda por percentual de diferença (0),,1000.3688201514576,,0.36882015145761216,212.15680829251096,211.8,0.3568082925109479
Compra (1),211.9,0.0,4.720947711899281,,,,
(no final do período 2),,0.0,,x,212.15680829251096,211.9,0.2568082925109536
(no final do período 3),,0.0,,x,212.15680829251096,211.6,0.556808292510965
(no final do período 4),,0.0,,x,212.15680829251096,211.7,0.45680829251097066
(no final do período 0),,0.0,,x,211.92438584802588,211.5,0.424385848025878
Venda por prejuizo (1),,996.1199672107482,,-3.8800327892518,211.92438584802588,211.0,0.924385848025878
Compra (2),211.0,0.0,4.720947711899281,,,,
Venda por percentual de diferença (3),,996.5920619819382,,-3.4079380180618273,211.92438584802588,211.1,0.8243858480258837
Compra (4),211.2,0.0,4.718712414687207,,,,
Venda por percentual de diferença (0),,997.5358044648757,,-2.464195535124304,211.82862247729466,211.4,0.4286224772946525
Compra (1),211.2,0.0,4.723180892352631,,,,
Venda por percentual de diferença (2),,998.4804406433462,,-1.5195593566537582,211.82862247729466,211.4,0.4286224772946525
Compra (3),211.4,0.0,4.723180892352631,,,,
(no final do período 4),,0.0,,x,211.82862247729466,211.1,0.7286224772946639
Venda por prejuizo (0),,994.7018959294641,,-5.298104070535942,211.28645685249734,210.6,0.6864568524973436
Compra (1),210.8,0.0,4.718699696060076,,,,
Venda por percentual de diferença (2),,995.1737658990701,,-4.826234100929923,211.28645685249734,210.9,0.3864568524973322
Compra (3),210.8,0.0,4.72093816840166,,,,
Venda por percentual de diferença (4),,996.1179535327502,,-3.882046467249779,211.28645685249734,211.0,0.2864568524973379
Compra (0),211.3,0.0,4.714235463950545,,,,
Venda por percentual de diferença (1),,997.5322241719354,,-2.467775828064646,211.63675362390612,211.6,0.03675362390612236
Compra (2),211.6,0.0,4.714235463950545,,,,
Venda (3),,998.9464948111205,,-1.0535051888795124,211.63675362390612,211.9,-0.263246376093889
Compra (4),211.9,0.0,4.714235463950545,,,,
(no final do período 0),,0.0,,x,212.19954550728423,211.9,0.2995455072842219
(no final do período 1),,0.0,,x,212.19954550728423,211.9,0.2995455072842219
(no final do período 2),,0.0,,x,212.19954550728423,211.8,0.39954550728421623
(no final do período 3),,0.0,,x,212.19954550728423,211.9,0.2995455072842219
(no final do período 4),,0.0,,x,212.19954550728423,211.9,0.2995455072842219
Venda por percentual de diferença (0),,999.8893419039106,,-0.11065809608942345,212.41733966279094,212.1,0.3173396627909426
Compra (1),211.9,0.0,4.718684954714066,,,,
(no final do período 2),,0.0,,x,212.41733966279094,211.9,0.5173396627909312
(no final do período 3),,0.0,,x,212.41733966279094,211.9,0.5173396627909312
Venda por percentual de diferença (4),,1000.3612103993819,,0.36121039938188915,212.41733966279094,212.0,0.4173396627909369
Compra (0),211.8,0.0,4.723140747872436,,,,
(no final do período 1),,0.0,,x,212.31483450424818,211.6,0.7148345042481878
(no final do período 2),,0.0,,x,212.31483450424818,211.6,0.7148345042481878
(no final do período 3),,0.0,,x,212.31483450424818,211.7,0.6148345042481935
(no final do período 4),,0.0,,x,212.31483450424818,211.8,0.5148345042481708
(no final do período 0),,0.0,,x,212.14372231321482,211.8,0.34372231321481195
(no final do período 1),,0.0,,x,212.14372231321482,211.6,0.543722313214829
(no final do período 2),,0.0,,x,212.14372231321482,211.4,0.7437223132148176
Venda por prejuizo (3),,996.582697801084,,-3.4173021989159906,212.14372231321482,211.0,1.1437223132148233
Compra (4),211.0,0.0,4.723140747872436,,,,
(no final do período 0),,0.0,,x,211.37217727384996,211.0,0.3721772738499567
Venda por percentual de diferença (1),,997.9996400254457,,-2.0003599745542715,211.37217727384996,211.3,0.07217727384994532
Compra (2),211.0,0.0,4.729856113864671,,,,
(no final do período 3),,0.0,,x,211.37217727384996,210.7,0.6721772738499681
(no final do período 4),,0.0,,x,211.37217727384996,210.6,0.7721772738499624
(no final do período 0),,0.0,,x,211.18674710802762,210.7,0.4867471080276289
(no final do período 1),,0.0,,x,211.18674710802762,210.6,0.5867471080276232
Venda por prejuizo (2),,994.6887407457405,,-5.311259254259539,211.18674710802762,210.3,0.8867471080276061
Compra (3),208.5,0.0,4.770689404056309,,,,
Venda por percentual de diferença (4),,995.6428786265517,,-4.357121373448308,211.18674710802762,208.7,2.486747108027629
Compra (0),208.3,0.0,4.779850593502408,,,,
(no final do período 1),,0.0,,x,209.11370142654994,207.9,1.2137014265499317
(no final do período 2),,0.0,,x,209.11370142654994,208.2,0.9137014265499488
(no final do período 3),,0.0,,x,209.11370142654994,207.9,1.2137014265499317
Venda por prejuizo (4),,990.8630280330492,,-9.136971966950796,209.11370142654994,207.3,1.813701426549926
Compra (0),207.2,0.0,4.782157471201975,,,,
(no final do período 1),,0.0,,x,207.69085364179836,207.1,0.5908536417983612
Venda por prejuizo (2),,987.0373020560877,,-12.962697943912303,207.69085364179836,206.4,1.2908536417983498
Compra (3),207.0,0.0,4.768296145198491,,,,
Venda por percentual de diferença (4),,987.5141316706074,,-12.485868329392588,207.69085364179836,207.1,0.5908536417983612
Compra (0),207.2,0.0,4.765994843970113,,,,
(no final do período 1),,0.0,,x,207.73564544617045,207.1,0.6356454461704573
Venda por percentual de diferença (2),,988.4673306394016,,-11.532669360598447,207.73564544617045,207.4,0.3356454461704459
Compra (3),208.0,0.0,4.7522467819202,,,,
(no final do período 4),,0.0,,x,207.73564544617045,207.8,-0.06435455382955979
(no final do período 0),,0.0,,x,208.1827616085773,207.7,0.4827616085773059
(no final do período 1),,0.0,,x,208.1827616085773,208.0,0.1827616085772945
(no final do período 2),,0.0,,x,208.1827616085773,207.8,0.38276160857728314
(no final do período 3),,0.0,,x,208.1827616085773,207.7,0.4827616085773059
(no final do período 4),,0.0,,x,208.1827616085773,207.5,0.6827616085772945
(no final do período 0),,0.0,,x,207.90159553786347,207.5,0.40159553786347146
Venda por prejuizo (1),,984.6655332138654,,-15.334466786134612,207.90159553786347,207.2,0.7015955378634828
Compra (2),206.8,0.0,4.76143874861637,,,,
Venda por prejuizo (3),,980.8563822149722,,-19.1436177850278,207.90159553786347,206.0,1.9015955378634715
Compra (4),205.3,0.0,4.777673561690074,,,,
Venda por prejuizo (0),,969.8677330230851,,-30.132266976914934,205.83718659865843,203.0,2.837186598658434
Compra (1),205.3,0.0,4.724148723931247,,,,
Venda por prejuizo (2),,966.08841404394,,-33.91158595605998,205.83718659865843,204.5,1.337186598658434
Compra (3),205.3,0.0,4.705739961246663,,,,
Venda por percentual de diferença (4),,967.5001360323139,,-32.49986396768611,205.83718659865843,205.6,0.2371865986584396
Compra (0),206.1,0.0,4.694323804135439,,,,
Venda (1),,970.7861626952089,,-29.213837304791127,206.78166905555446,206.8,-0.018330944445551722
Compra (2),207.1,0.0,4.687523721367499,,,,
(no final do período 3),,0.0,,x,206.78166905555446,206.8,-0.018330944445551722
(venda final 4),,969.3799055787988,,-30.620094421201202,206.78166905555446,206.8,-0.018330944445551722
